Precio_Energia_USD,Produccion_Solar_kWh,Consumo_Energia_kWh,Ahorro_Anual_USD,Ahorro_Neto_Anual_USD
0.09839796944400048,5.86429850800188,18.25646312334568,445.06779983545243,385.06779983545243
0.06003508976299043,3.303689812273046,17.360744931959253,308.02954655848794,248.02954655848794
0.14043932523120006,3.3327251426122864,11.121711842824617,399.26621329060316,339.26621329060316
0.13084963810119016,6.974418880205622,23.064562188917556,768.4671415635536,708.4671415635536
0.06467366558807329,3.275354187869561,16.270537510399645,306.76284126681156,246.76284126681156
0.06042517500473931,6.2439907769326,28.473616668467518,490.27859769684665,430.27859769684665
0.05923646924039003,5.8179012332954585,27.06984754190693,459.4949462900966,399.4949462900966
0.07267965639245791,6.485240606463164,26.32767285788504,526.381522678748,466.38152267874796
0.08943317119451849,3.297998589057006,18.03460774016869,481.0487164988988,421.0487164988988
0.05398912509719505,6.734124083191334,23.737509121659166,335.06922689992933,275.06922689992933
0.07673332374964863,4.8373858826503735,15.068409130209846,286.5470529879843,226.54705298798427
0.1344324015087629,3.61046146038892,25.56952758612657,1077.483647873013,1017.4836478730131
0.1465439901873266,5.870652507591515,21.082937853341416,813.6831829685508,753.6831829685508
0.05239349618909474,6.1801252021402515,12.169811100264315,114.54451362619173,54.54451362619173
0.05547911602278706,3.4548573513814285,15.51510807895876,244.21859802339515,184.21859802339515
0.14951500257852474,4.371762870007404,29.676316626505447,1380.9448033551962,1320.9448033551962
0.0934234103746881,4.789187964961224,14.738124444619407,339.25420506874605,279.25420506874605
0.12496330368023735,4.980132975302835,18.239848921785253,604.7969373448984,544.7969373448984
0.08993641582320229,3.436327419885245,29.0912579318093,842.169061929053,782.169061929053
0.12492692301604047,4.7315210506424075,15.870423782206156,507.915328070668,447.915328070668
0.10029620686232898,5.245829478294946,15.983495253701726,393.0857089574932,333.0857089574932
0.11992939204450585,4.299098800016404,13.326158740855654,395.15258088876993,335.15258088876993
0.12909070423376878,5.389014825177695,29.86408851662576,1153.2191421358825,1093.2191421358825
0.056741978276143495,5.610301641965774,13.274129913388474,158.72418371054385,98.72418371054385
0.09658984043668394,6.342575097882636,22.93718365088892,585.0477661690992,525.0477661690992
0.11157002964260013,5.456577895520507,11.49400606308064,245.86255446120984,185.86255446120984
0.07731189868702548,3.8376615900441298,14.586534590787165,303.32075985809945,243.32075985809945
0.14337367102682747,3.758322723495871,19.7909391427931,839.0091013528661,779.0091013528661
0.10669958511636006,3.7616051303248685,20.625016068213508,656.7514170125831,596.7514170125831
0.11273452508727999,6.473237095424119,15.125055273597889,356.0058939121393,296.0058939121393
0.14320476012153927,5.902591585013671,25.65546117666166,1032.477307328159,972.477307328159
0.11645027776357902,3.600292556680716,10.400075634852685,289.02036928760174,229.02036928760174
0.05819534575989308,4.3553640347822835,18.186019130966578,293.78111072401936,233.78111072401936
0.12316715366425797,6.989376171514433,23.946741579453487,762.3355072933197,702.3355072933197
0.07670004625840586,4.403741887001832,29.880010539723195,713.2213092166859,653.2213092166859
0.10810454900994321,3.8666509799584756,15.806864270271015,471.13885108359506,411.13885108359506
0.06403630693740461,5.951473086672387,29.419485736237394,548.5237743520303,488.5237743520303
0.11936598224529682,3.3344423036432693,22.119350135399703,818.4318257746161,758.4318257746161
0.09656647618713868,3.826518392845535,26.293146595152173,791.8759378157198,731.8759378157198
0.0883943324361843,4.723975732876414,17.959791628157475,427.03945526373633,367.03945526373633
0.08923845222730734,3.466690727755876,12.76257899582934,302.78599860911413,242.78599860911413
0.13896857813791869,5.4459990802732,23.669545529868355,924.3626236366525,864.3626236366525
0.10603089281163555,4.423631900042395,13.079461780265804,334.991660132388,274.991660132388
0.142302634373572,4.217273124087239,23.33107847643822,992.7798719082771,932.7798719082771
0.06227758172479961,6.8268972811169455,20.53687708718609,311.6459015535056,251.6459015535056
0.09968658811909396,3.6977348147616516,16.04587926359521,449.29470224267084,389.29470224267084
0.07034408714799624,5.478212037997299,15.008095048578356,244.68538616738078,184.68538616738078
0.05393601370524155,4.029288560798657,29.738268548839038,506.12356239869536,446.12356239869536
0.12465077888504504,4.818636519162684,23.496558506858438,849.7993961579404,789.7993961579404
0.11405252872610562,5.570222930140421,15.937814329640755,431.59425580789366,371.59425580789366
0.07913593645874098,4.725422364011296,21.423990809492828,482.3317507805508,422.3317507805508
0.07289838708024207,4.181598232837013,25.723073062591986,573.173651202851,513.173651202851
0.06487625759307684,3.239185604369207,17.335975933028315,333.8096552181542,273.8096552181542
0.12665748952036765,6.749020657749329,11.91729166497397,238.92908429163086,178.92908429163086
0.12215672664942093,4.625601454653178,14.74738864491007,451.30220271639485,391.30220271639485
0.09431072051544795,6.367100452904834,29.029173687144066,780.1059061096566,720.1059061096566
0.0774099395480215,5.56180958767281,11.186809046700139,158.9322668495501,98.9322668495501
0.05592490352986147,3.2321281081345212,17.730856704090137,295.9565992825785,235.9565992825785
0.12602068725472299,6.277745028708967,25.321700425017426,875.975306688245,815.975306688245
0.1181001578036094,6.845764891477055,23.01278775471642,696.9047022475426,636.9047022475426
0.05941262992856891,4.454838669920919,27.65952303747079,503.20773360254844,443.20773360254844
0.057072508460910526,3.736055794888293,15.30445377093442,240.9866843489816,180.9866843489816
0.11050253857928194,6.361007342000152,23.766025413359255,702.0040185297623,642.0040185297623
0.1458341077426349,4.240421683238349,11.125525782331716,366.49029974735026,306.49029974735026
0.10667953715709519,5.924380977202798,29.13078861766932,903.611821549804,843.611821549804
0.14097575136733528,6.391412631081224,10.803538317564907,227.0309978293924,167.0309978293924
0.07120735703929124,3.5245093585128613,27.966845056341892,635.2730555919768,575.2730555919768
0.062170298193246834,6.0894873220264145,25.882790820173255,449.15278695886707,389.15278695886707
0.136919047690885,6.711549048131165,13.22879309591613,325.7022197360092,265.7022197360092
0.0991532764940993,6.978165751060526,28.417040720419365,775.8931646091304,715.8931646091304
0.07359652170025513,3.2573101676259553,25.6612457772891,601.8308826427076,541.8308826427076
0.06052863376139748,5.307138302053339,23.116941424722597,393.4711134597439,333.4711134597439
0.05494421563075608,4.143415919202033,23.482008820603177,387.8284937050475,327.8284937050475
0.09087227742104781,4.437601963271777,21.017636187223566,549.932896422036,489.93289642203604
0.10678285843805801,5.261252160325854,22.356798093620352,666.3116103804513,606.3116103804513
0.10093812542906809,5.140188650246378,16.030040320390995,401.2084430315265,341.2084430315265
0.07706618477687174,5.269813272757199,25.53486232112609,570.0387552829976,510.0387552829976
0.08150026208092112,6.860452318262372,10.185511525697017,98.91251684678376,38.91251684678376
0.057305894879329,3.0901935456967897,16.06880100036758,271.46901078426555,211.46901078426555
0.08679908070521067,4.742140506110482,18.794466499696274,445.2010769748117,385.2010769748117
0.10730944654554245,4.4898653371690305,25.992117850264314,842.1991080819053,782.1991080819053
0.09159800077365646,4.398744404644105,24.813715065029946,682.5392318956316,622.5392318956316
0.12311081056350892,4.23961779697195,14.795903662726392,474.3514119576968,414.3514119576968
0.08464744976062476,5.1551453933325995,17.157566038003974,370.8306189618826,310.8306189618826
0.056434596659418225,4.481463244596896,26.519719454677976,453.9578366068883,393.9578366068883
0.12508823716485237,5.18403295796641,24.95621121834763,902.742427077611,842.742427077611
0.13900126937873475,6.728279149279676,13.698861904342605,353.6557457110918,293.6557457110918
0.12975173627730258,6.355520219035879,20.505565483768375,670.1374236480348,610.1374236480348
0.07273136587874568,3.8944211209472273,29.298927128687986,674.4121138174918,614.4121138174918
0.13491420173985036,4.8426406264207476,11.683093388334632,336.8490917281597,276.8490917281597
0.10505072023839339,4.612860731131382,29.31715444852522,947.2494045174594,887.2494045174594
0.13795700597928592,4.003272673629542,14.411933603257934,524.1209098083629,464.12090980836285
0.11000961822451114,6.364562465386909,11.690031201127628,213.83626560717337,153.83626560717337
0.10725555234227524,3.80001803744242,29.557253434033502,1008.3513758840534,948.3513758840534
0.12750244443694203,3.3388335240329514,16.59703254077,617.0152659648838,557.0152659648838
0.0971511161955021,4.358106790517734,25.238218630027717,740.4120525957894,680.4120525957894
0.056845989579757256,3.999390624282803,25.547642129993463,447.1000634028001,387.1000634028001
0.0928729701611436,3.908785658452392,12.6381081114916,295.91210785346067,235.91210785346067
0.14542638796776114,6.777779942186829,24.376193911960584,934.1349288187387,874.1349288187387
0.10255650816235456,3.4258095189395017,22.698915093247983,721.4525793381034,661.4525793381034
0.13689398863369617,4.335322868551149,10.183519322893638,292.2127727161598,232.2127727161598
0.14164585517203732,6.445683348853137,25.255745418161766,972.4940745909076,912.4940745909076
0.08588089527542078,5.5681868416535725,24.63951568587042,597.819920260154,537.819920260154
0.11113203742628605,4.5129451742140425,23.87910578253293,785.5533232174138,725.5533232174138
0.12346109038498228,3.224088448801087,15.59570594829748,557.5058860045198,497.50588600451977
0.10643587346672416,4.36791502490671,23.566507908576078,745.8479360604651,685.8479360604651
0.09441782420748489,4.896819294154571,20.665248331294393,543.4195777127568,483.4195777127568
0.14919107060026154,5.53039571068295,19.62737499280575,767.6473524353065,707.6473524353065
0.10601886617488648,3.9415024340620493,17.984779333854014,543.4310874180105,483.4310874180105
0.12907636941368872,6.516343389229844,12.662634625648915,289.5694497269931,229.56944972699313
0.1280528390794996,4.231489623543568,23.203453148834207,886.7360341990551,826.7360341990551
0.11085429982738218,6.797162795571257,23.177083316431712,662.7613865073765,602.7613865073765
0.12848333738497086,4.092937989803043,28.48056379809545,1143.6922974820184,1083.6922974820184
0.055690711558348274,4.978859723199413,26.6653949914941,440.8245818191894,380.8245818191894
0.11981647821093151,4.890471705328248,13.824051544805073,390.6923770765365,330.6923770765365
0.12300281214885463,4.15958266653773,12.362608670199142,368.28327230189507,308.28327230189507
0.12435172306381938,5.514255680345251,18.64781511481022,596.1109721574321,536.1109721574321
0.09365398151615854,5.660673377001395,19.42528074112073,470.52525353459043,410.52525353459043
0.109798283592833,4.2339534528187786,26.26058717336502,882.7476001830581,822.7476001830581
0.09810604990760763,3.839760169209893,19.492663596588773,560.5102515685692,500.5102515685692
0.14925439516661035,3.979815624071044,25.482731636785868,1171.4327241856026,1111.4327241856026
0.14588179116000072,3.496262947323083,28.93451678715133,1354.5069824599725,1294.5069824599725
0.05355556939121489,3.092173467788252,26.11826791547857,450.1090936357105,390.1090936357105
0.05458961360327877,5.242548018344891,20.782063989455587,309.62810294239296,249.62810294239296
0.09043431122619411,5.712425050917293,13.049095423454865,242.172657119432,182.172657119432
0.09454061116408274,5.53928565133347,13.3658906071071,270.0751857884174,210.0751857884174
0.10267922922759154,5.113452920676011,13.030970227304309,296.7320696708592,236.73206967085918
0.14490155704662305,4.227775575104712,27.424957099251397,1226.8773185088342,1166.8773185088342
0.059062698243851165,6.349149442534143,29.04993214961598,489.3808598085774,429.3808598085774
0.10035163824876885,4.625437216033607,23.858576113384277,704.4781039105696,644.4781039105696
0.08869444539338014,5.392627795496368,19.375853319902518,452.6855679346826,392.6855679346826
0.1047995729238491,5.2219221968023115,15.463728904421831,391.76799365840566,331.76799365840566
0.11812347422133988,6.087635299468931,18.94198999588504,554.2163779991347,494.2163779991347
0.13970302068804075,5.607251778660217,11.919268045985659,321.85982479975684,261.85982479975684
0.0540270895858444,4.6385301351539585,22.569176720700483,353.5903370344446,293.5903370344446
0.08216311386703601,6.418995996421851,23.652311035679062,516.819131445103,456.81913144510304
0.14277752700901977,6.128148232841684,25.691902210233913,1019.541510345302,959.541510345302
0.0766176616234248,4.785333031111109,21.407468684629738,464.8454452103838,404.8454452103838
0.06982517485133075,3.216413268391901,28.699885252989787,649.4765788073906,589.4765788073906
0.09202382651911156,4.66541212492524,14.694727040689502,336.87161660854736,276.87161660854736
0.07899593751869312,3.961395642021792,25.90003931511211,632.5682595681749,572.5682595681749
0.0787215497576036,5.8717042028219675,18.69996564071476,368.5991266966181,308.5991266966181
0.1378268832343283,6.180131428014131,17.271470710779635,557.9699243468845,497.96992434688445
0.09658404833664197,3.5780860020578156,19.5924828732065,564.5583777420952,504.5583777420952
0.09893557765511829,3.743430924637131,12.924557029246142,331.5441053596521,271.5441053596521
0.1312341982448464,4.406033238284977,27.84253920563617,1122.6199406543506,1062.6199406543506
0.05352636145374993,3.9721858186238714,19.318578342850703,299.8243419409553,239.82434194095532
0.0796910847403878,3.785473291311421,15.130079627886126,329.983354493725,269.983354493725
0.0759665358629025,3.99037764765884,22.337466383242685,508.7241426602284,448.7241426602284
0.14807804305547445,5.541661288706055,23.02981956576624,945.2084728236865,885.2084728236865
0.1421383666848603,4.869174424735132,27.58835447427189,1178.6825078010525,1118.6825078010525
0.09489207942814334,6.712416615800104,21.537817477382703,513.4867873806467,453.48678738064666
0.060942553366447785,4.226125207680681,18.537993515142002,318.3536563068775,258.3536563068775
0.10706744217962186,5.008021180758195,23.718518417735005,731.199054591276,671.199054591276
0.1256418404287029,6.127478523911651,23.41173830130397,792.6435662409714,732.6435662409714
0.07134049665162447,5.21924871755947,23.61817174711142,479.0947319758852,419.0947319758852
0.10499804517114106,3.453970511766958,28.4399589096136,957.5701775315885,897.5701775315885
0.11442618608291533,5.435752106398407,14.256461947862709,368.40186778152076,308.40186778152076
0.11387525205174888,3.712688650944822,19.504195764632286,656.365576289573,596.365576289573
0.09255479588553064,3.1099052115044636,27.75852465584397,832.691998658802,772.691998658802
0.1079214841915864,4.24016704088762,13.446954550646065,362.66771303173726,302.66771303173726
0.13184336956961396,6.096066771245036,12.549461852721507,310.5556337376284,250.5556337376284
0.09415628925938024,5.446709152943899,22.609228432841938,589.825082354286,529.825082354286
0.1087879831048682,3.702139478994212,21.463271241162072,705.2521612541102,645.2521612541102
0.12746969812990028,4.371815478916187,28.587552518759328,1126.6720320185752,1066.6720320185752
0.13689522492115813,6.303002873218356,20.256289352934083,697.2004762259644,637.2004762259644
0.053978967043446326,5.3547093790480185,24.769859472119897,382.5235576613842,322.5235576613842
0.12778229074001946,4.434059306071926,19.48527609981985,701.9968205203626,641.9968205203626
0.13464883618639467,5.722985156169914,27.61964619501084,1076.1513727154843,1016.1513727154843
0.08920817285736385,6.339932802804494,13.123923024809507,220.8933909213606,160.8933909213606
0.1223887738381181,5.764887365796916,24.255101037556685,825.9930214413922,765.9930214413922
0.05438880047466045,3.830178190760061,21.39544870439982,348.70420753617304,288.70420753617304
0.062372942362076245,3.532980846963604,28.153982941728344,560.5247857619617,500.52478576196165
0.058481117780543004,5.62872980166085,23.647401984461453,384.6195129125449,324.6195129125449
0.13739101767974068,3.1406038411683355,15.160982269656797,602.7945891927556,542.7945891927556
0.12831036482299768,3.6742739194400684,11.020697067818634,344.0571155240877,284.0571155240877
0.09833914967853045,3.008674407732311,15.541576472913468,449.85335021438783,389.85335021438783
0.08687085239515793,5.21726929442374,23.248031104242955,571.7168914298653,511.7168914298653
0.06287237048086958,6.524248037826748,20.62434211149592,323.57481352141724,263.57481352141724
0.06322336459898201,3.037792462866835,29.42913621080259,609.0205850319744,549.0205850319744
0.09624487679868614,3.084295287396485,10.576953995239705,263.2124551943054,203.2124551943054
0.1019612236290775,6.39360327741423,28.79409871544139,833.6534025369685,773.6534025369685
0.10996213722497243,3.4282593743855685,16.114932567807298,509.1945999975481,449.1945999975481
0.09156162259713185,6.220342440571583,26.75343632876207,686.2158385698198,626.2158385698198
0.06926899020929862,4.714339323470986,19.699410575509543,378.8702751527319,318.8702751527319
0.14319162537868912,6.634860094633655,13.467740561057786,357.12010990203186,297.12010990203186
0.05156739435593092,5.247483432753496,29.17069088970648,450.28497771487633,390.28497771487633
0.09843300360838081,4.482709340565907,26.537440033029288,792.3833858290869,732.3833858290869
0.08927705664162573,3.9032957478616868,18.40575680436396,472.5790185722785,412.5790185722785
0.05869735989623995,3.6129975994538137,27.33830092760856,508.3036238565579,448.3036238565579
0.11301843024864099,5.3483504213509745,20.804926047044965,637.6104386958993,577.6104386958993
0.07721149889767814,5.851507651415561,11.65008537971572,163.41666042501328,103.41666042501328
0.09986234480566722,4.560542865937398,12.53710828664058,290.7438621386364,230.74386213863642
0.14592611603191302,5.19880821855862,28.33932899505527,1232.5343067525296,1172.5343067525296
0.0793554610331762,3.286983337333715,16.12884112263745,371.96111395247027,311.96111395247027
0.09134090481283662,5.124215669464819,17.88120648197069,425.31080547871545,365.31080547871545
0.09815309474217909,6.07281876749817,10.813792658945312,169.84955973115422,109.84955973115422
0.11158533802240497,6.887704013184225,27.392928444835373,835.1500757923408,775.1500757923408
0.139956894400379,3.1472773702532573,27.567032300789258,1247.465267665099,1187.465267665099
0.14797852976356823,6.18752376298629,23.022185933168785,909.2765233086378,849.2765233086378
0.06922829791221023,6.733754225081433,11.214895724634548,113.23095653200852,53.23095653200852
0.13857476297837007,3.6232047884741174,24.138258346833528,1037.6470697834513,977.6470697834513
0.10320799855333182,6.954102764284117,24.63226856341565,665.9527602311495,605.9527602311495
0.06818918521542684,6.519305247680313,14.893089398123267,208.41555421182454,148.41555421182454
0.12913267102259163,5.14792869345876,16.23191759463824,522.4263587238344,462.42635872383437
0.11498165090461815,6.230086065807657,12.138024353104054,247.9461416663188,187.9461416663188
0.1437110148310744,6.378105195880844,24.35381866502158,942.9074291114322,882.9074291114322
0.11831907559986876,6.689530930517078,24.7619254644059,780.4827905209338,720.4827905209338
0.1473956126209062,5.5429733355998465,11.790792271569597,336.1289013582923,276.1289013582923
0.07345989055010542,5.424852852593678,15.683580438704372,275.0658270655492,215.06582706554917
0.06833900045327382,3.0259504341546934,24.237969249166618,529.1069796460927,469.10697964609267
0.14063221176091006,3.943415820764207,14.85996533072811,560.3547533700514,500.3547533700514
0.10791329837807527,3.729614830081741,20.52888425545973,661.6955695225896,601.6955695225896
0.13089545431656696,4.092881689654568,22.84534373860609,895.9333943998666,835.9333943998666
0.0729670997432696,3.1220532727294334,24.994366522432163,582.5251308150902,522.5251308150902
0.08414994461998725,5.7206265977885105,23.128920990211547,534.6910583035541,474.6910583035541
0.060762132175372435,4.23963879666962,12.85796246390445,191.13871845651207,131.13871845651207
0.0780129471165293,5.012965469911588,28.164625797882806,659.2371772814417,599.2371772814417
0.05321024556929071,3.6539282390254053,25.828353913401457,430.66592195441007,370.66592195441007
0.11864022599028563,6.024415333158812,22.51200549058589,713.9733691440106,653.9733691440106
0.1160215320133638,5.87648841380625,22.686310609726384,711.8599832756589,651.8599832756589
0.11654440338964082,6.114135613245232,21.451832687617262,652.4458055398607,592.4458055398607
0.0710523484939375,4.563088962584944,27.84316504587657,603.747988774927,543.747988774927
0.12831798306594772,4.587018555821304,12.951296619550657,391.7498611932829,331.7498611932829
0.12560190921385334,5.834752848023154,29.10003808634583,1066.5899491834455,1006.5899491834455
0.13177912618383564,3.2968585599155276,14.107374050918773,519.9791040254477,459.97910402544767
0.07851554658650862,6.984548797638206,17.674612953185893,306.3577240294497,246.35772402944968
0.14292550473906218,5.864186262694874,21.629528009371548,822.4433406825638,762.4433406825638
0.055988308096440446,4.184059675493549,14.240104673060003,205.50264512772807,145.50264512772807
0.11620978019872574,6.522873393814799,24.634635369797124,768.2388155577988,708.2388155577988
0.06007623286850266,6.433317249786722,22.36865730313361,349.4273479575305,289.4273479575305
0.08425258248069123,3.034456390014588,24.9113844521517,672.7635053824648,612.7635053824648
0.1059785245458616,6.85368269537007,15.499072588221686,334.4223677133633,274.4223677133633
0.13973675742416863,3.9013633879599774,19.595082872947472,800.4411575561759,740.4411575561759
0.06995297162433904,6.372022595860617,21.657110948671225,390.2716334141816,330.2716334141816
0.07537802124221617,5.961889706039962,25.225007133003487,529.9857212293508,469.9857212293508
0.12528585994538438,4.979531593444266,21.736053720546515,766.2646788015714,706.2646788015714
0.08140906846946777,4.16546554093321,11.726595468804843,224.67375856169494,164.67375856169494
0.1380713968789505,3.5984916981728423,11.179135410854675,382.0345743278392,322.0345743278392
0.12726735548039603,4.146656652185931,18.765874144945556,679.100439566136,619.100439566136
0.11190068555162973,4.859631851464311,26.31747656465668,876.4188498613235,816.4188498613235
0.14446269745022497,4.718936458538187,22.869448651019518,957.0562622716031,897.0562622716031
0.06686709400573229,4.5335924515979755,22.30816286439226,433.8148628068954,373.8148628068954
0.11545123586679036,4.738629725149775,25.939213884635784,893.3862794433539,833.3862794433539
0.09270970050022173,6.151198022287887,12.017012585756374,198.49353764968586,138.49353764968586
0.058405154647732986,4.986801449602669,11.147446686547028,131.33190479464753,71.33190479464753
0.1171696692744398,3.675807339697966,23.253330431529,837.270545647131,777.270545647131
0.10868415433441352,4.016150177193096,25.041762846791464,834.0800903107536,774.0800903107536
0.08488121205686075,5.127467418208713,29.150881802059164,744.2848336855889,684.2848336855889
0.10389862642535724,3.5666293642300104,16.778555370177003,501.0358520247423,441.0358520247423
0.058986428603957676,5.782428081010461,23.83437515141502,388.6592587662571,328.6592587662571
0.12772953796178244,6.718927307032336,16.768420412493654,468.52024555540265,408.52024555540265
0.05735037212934793,3.830961377115853,26.584770681583663,476.3028923045787,416.3028923045787
0.08099058911059509,5.856290778695573,19.653599056791975,407.87002583798403,347.87002583798403
0.11032908779141423,6.652450518186266,24.67830024261784,725.9030782180026,665.9030782180026
0.10934511211072848,3.9266234062741354,14.476727142240053,421.06483066298813,361.06483066298813
0.1331803398345726,3.146955977133362,21.676492884824164,900.7360581553834,840.7360581553834
0.07271691934021302,4.233041807530844,23.205558828390735,503.5623913086408,443.5623913086408
0.1449859381590332,5.997040396156061,21.44534649870439,817.5223109347488,757.5223109347488
0.1134327161673478,4.820211958792321,24.565528383449035,817.5141788758829,757.5141788758829
0.13956321056657695,6.911016794130269,20.36295473752932,685.2494114189417,625.2494114189417
0.11533496409167598,6.457388163538314,15.840854913693443,395.0182572498707,335.0182572498707
0.10542404847143044,6.8744227582869435,25.009675791093454,697.840505091871,637.840505091871
0.09966293397458308,4.4050894882644975,19.579258183455508,551.9902930676226,491.9902930676226
0.13277018937163168,6.5683857627201725,29.605616212721152,1116.4099690472606,1056.4099690472606
0.0747097823180411,4.56268427645683,26.83552744469675,607.3597316166218,547.3597316166218
0.13518737235230116,3.25760953158276,23.77895832022026,1012.5929352492585,952.5929352492585
0.07230091550992937,3.2601441858176803,27.39282749785546,636.857510467607,576.857510467607
0.08822475013324235,4.876598356322274,12.14038328423339,233.90864775459806,173.90864775459806
0.10562692659479388,5.511772760411989,11.24033632280247,220.85805545785405,160.85805545785405
0.08772055420933011,5.48675077790536,18.656480805004456,421.66844611900194,361.66844611900194
0.07810683492854195,4.394057989371822,26.01016435034179,616.2534627369416,556.2534627369416
0.10849305894733552,6.592285090136053,10.78753368691871,166.13170395795564,106.13170395795564
0.10124214808899845,3.833305292828745,25.019043666907084,782.8847265727741,722.8847265727741
0.07439314023912028,5.555469767421108,12.532877410933738,189.46101184521083,129.46101184521083
0.10789664851213247,6.287838508441187,16.619183056447802,406.8718697442122,346.8718697442122
0.13983498180496085,3.3502791994789356,10.28141152377855,353.7633882965176,293.7633882965176
0.09966943568382408,4.6157493476746385,23.61449305026475,691.1618331916485,631.1618331916485
0.09619725755489311,4.03857545321501,22.98968267478597,665.4112579555076,605.4112579555076
0.13244827275560855,4.4155275128884,28.309452754521153,1155.1188315761517,1095.1188315761517
0.1408662196473214,5.068444267804324,15.983801589667369,561.2258695411535,501.22586954115354
0.06247966307374118,5.861460042676903,21.5126008205522,356.9254709202891,296.9254709202891
0.1278403897844112,3.5134933688614667,24.109724620726443,961.0560344348257,901.0560344348257
0.13502992944673664,5.525480381078669,18.33908515520661,631.5303542422353,571.5303542422353
0.11610404110898279,6.086639419287936,16.842695407876853,455.8198718344215,395.8198718344215
0.07472273967384233,5.074442419933064,25.51908167990578,557.6030018592236,497.6030018592236
0.09080520808740752,6.172407732599922,17.96613675286321,390.8901865011992,330.8901865011992
0.09871820573151249,4.723527983467178,25.70183849220193,755.8935280358021,695.8935280358021
0.07530469608361681,6.171170816504308,12.97597136349335,187.03820454173334,127.03820454173334
0.12838162549507842,4.224717318774573,27.038097882233696,1069.0188911177693,1009.0188911177693
0.09343355326471431,6.247958660308292,18.269086064812896,409.95947639250465,349.95947639250465
0.13257045130959502,6.874887320250334,17.422382624632213,510.3744676310251,450.3744676310251
0.08199765090100311,5.872796549094055,12.228056715473713,190.2074876453653,130.2074876453653
0.1177355633638722,4.236255212373709,29.74024362695703,1095.9951520660727,1035.9951520660727
0.12601106543606902,6.284577593694585,20.527729448543838,655.100080245006,595.100080245006
0.13624555135399669,5.216518555801734,29.231055495863686,1194.2339464570261,1134.2339464570261
0.10696890710137152,5.894694298581202,14.57889724544033,339.0629898692913,279.0629898692913
0.07891191370359134,6.549915797427536,12.519872583457916,171.9517608703906,111.95176087039059
0.08871483710681465,3.8299571635292216,26.843423452432003,745.1971082753608,685.1971082753608
0.14558930395948244,5.507610198196237,21.1004956945447,828.6074313386479,768.6074313386479
0.05039829427015258,3.2846563776110522,10.594797030272925,134.4727962157063,74.4727962157063
0.13455398623778014,4.04370142929975,14.900719751854021,533.2121092940474,473.2121092940474
0.0962310713516664,5.160891308550918,22.31233368957678,602.4331115766605,542.4331115766605
0.13159650025616015,5.599339003064035,23.879586600702737,878.0500617978463,818.0500617978463
0.0655916285951191,3.30492317267266,16.79590530728479,322.98685368825613,262.98685368825613
0.10127239777534852,5.246713814285929,27.275193791699934,814.2701001305247,754.2701001305247
0.14689694474295445,6.457763398771547,26.47619226403337,1073.3358041843123,1013.3358041843123
0.11630996202743579,3.012824215964067,27.181159347619936,1026.0216216216713,966.0216216216713
0.14104784300022466,4.742040567347868,16.239186774964388,591.901400733521,531.901400733521
0.10209885523689377,6.103962064741602,26.451691543472794,758.2801585536849,698.2801585536849
0.10205073850752899,3.142352197661737,24.59259419087771,798.9897583491088,738.9897583491088
0.0884795174397133,5.888677334018645,11.97043777595301,196.41059861649592,136.41059861649592
0.08936563534967149,5.251081619547004,11.160684556225755,192.76212870171204,132.76212870171204
0.05929349204670075,4.728241422646827,12.904568551264166,176.95309046374197,116.95309046374197
0.10090758924832849,6.59193993992449,28.05344301459927,790.454415972523,730.454415972523
0.10520590427871193,5.518300049404866,12.252789005949882,258.60542019283594,198.60542019283594
0.08944182232972528,6.880491554569174,10.675108259068537,123.8800630790325,63.880063079032496
0.1286996313654924,5.84244773794051,20.516389387233883,689.3137715441229,629.3137715441229
0.1141726297797155,3.5590826715911317,29.90983979470513,1098.115361662861,1038.115361662861
0.11091486405096701,3.834218420627409,29.82335497836804,1052.1422650578938,992.1422650578938
0.13438469405882625,4.226859347842286,16.178782703832724,586.2467807173999,526.2467807173999
0.14267049971699358,4.7922960792396605,12.782991338832755,416.1133173069109,356.1133173069109
0.07444902738993694,6.045847146723951,20.48301186023719,392.31399798412315,332.31399798412315
0.11969534546516504,4.2225570552243425,16.196300713657635,523.1185050532383,463.1185050532383
0.08542920902519259,5.721577425505993,25.03482500558596,602.2191445329904,542.2191445329904
0.1030637358255672,5.027174136827856,15.50057326282943,393.9910888620527,333.9910888620527
0.06420325535297265,4.488551199671594,25.528477794613572,493.05359962074397,433.05359962074397
0.07711891098102326,5.449986540172711,28.173011257774895,639.6168459519694,579.6168459519694
0.06109768710090377,3.9077564611403663,13.122246143903219,205.48916271266208,145.48916271266208
0.10304264830639795,4.135165915188317,27.008000335825237,860.2602630362998,800.2602630362998
0.12355075437711686,6.742571913936702,15.789234868010242,407.9685418885254,347.9685418885254
0.11477243218113922,3.264690693204015,13.041836191290228,409.58357054054414,349.58357054054414
0.10821152941580653,6.642371674190781,19.520743477337426,508.65973285942226,448.65973285942226
0.10737631357470184,5.270012482615464,19.938791828212096,574.9039995313763,514.9039995313763
0.13677047814472992,5.26294906878084,21.038272571537902,787.5234665013559,727.5234665013559
0.1486886947592292,6.987708444221983,27.83298969611899,1131.3020463502628,1071.3020463502628
0.08120832847170137,3.180455864537767,18.39494962951587,450.9734166269029,390.9734166269029
0.12516801965539678,5.5710370570511225,20.101654788960296,663.8505557435226,603.8505557435226
0.08731432438444779,4.344344534768904,18.147527882779233,439.9037043609564,379.9037043609564
0.09985474236019828,4.76256620704652,26.776430809020287,802.3389040365685,742.3389040365685
0.10351158894485978,4.202002427309544,19.106203458558543,563.1064987048436,503.1064987048436
0.14756990534438086,4.323905358486913,12.411819686731029,435.6394544261428,375.6394544261428
0.11683612937464007,4.371302636281925,20.003852608245168,666.6530203076355,606.6530203076355
0.09522898732902066,5.878674734892854,13.386626369592936,260.9657403470302,200.9657403470302
0.06835826953821553,5.1778957191331365,28.121841941041453,572.4690879392487,512.4690879392487
0.1403640905409108,3.295928638858033,18.21044017072127,764.1135741666471,704.1135741666471
0.10368091068570856,4.517913082673312,13.561628158766727,342.24612450107463,282.24612450107463
0.07930135344769718,6.425667678675444,11.0569197176262,134.0515625188638,74.05156251886379
0.09017508687424178,4.113603961319129,11.11931007281865,230.5851573852547,170.5851573852547
0.07405636777677842,4.852361893833407,17.38536477899607,338.7742649190264,278.7742649190264
0.09358665513815144,6.954559525646925,24.74456567746806,607.6911172821682,547.6911172821682
0.06701324255351268,5.210141129852349,17.46930187094395,299.8570309695242,239.8570309695242
0.08498103501686731,6.653611071165958,23.554796612335917,524.2422877097686,464.24228770976856
0.10080460052712306,5.401914074975933,19.683488297590934,525.4716603093445,465.47166030934454
0.12279230004829919,4.2554315798573095,29.87429695364279,1148.21678241432,1088.21678241432
0.08300171983433856,4.939073945770438,20.159702427037843,461.1184944302195,401.1184944302195
0.09670608704516746,3.8269126500274218,29.63104482190704,910.8270779576608,850.8270779576608
0.14264352556522658,5.358041831264364,20.69774093171565,798.6596976913087,738.6596976913087
0.12390909333903806,3.2956213007888935,15.118199934557602,534.6976247955139,474.6976247955139
0.09786888900952334,6.419355822152276,12.972641252969153,234.09740903386526,174.09740903386526
0.1031706024651152,6.247726745202325,14.965250379660551,328.2781403603916,268.2781403603916
0.09945456887402099,6.937975532029048,20.932630325085135,508.01881102921277,448.01881102921277
0.09447044431776969,5.5216361350225736,15.484695778559391,343.5433550206176,283.5433550206176
0.10761562404812161,3.3219737082007166,16.49841729389155,517.5667877112807,457.56678771128065
0.1410137863809829,4.078973290938072,13.54029095588027,486.97432325167426,426.97432325167426
0.12049773759301262,5.016989219242894,26.107320610849698,927.5880844880623,867.5880844880623
0.07480906842492528,3.3742471878049596,14.048184534250176,291.45516789945873,231.45516789945873
0.11342430349949272,5.880270007539627,27.845694038315592,909.3657164430509,849.3657164430509
0.06316442911583094,5.5159127882307395,11.367151359067186,134.90040254080637,74.90040254080637
0.0758974351725471,4.05082393156381,10.020808477101525,165.38387798451072,105.38387798451072
0.100078096372203,6.964995358447736,17.338282340397846,378.9206672107845,318.9206672107845
0.14946684887905443,4.270433280816169,25.89298115026955,1179.6267445960534,1119.6267445960534
0.0661304310917295,6.192168541208747,27.758827941282426,520.567556417411,460.56755641741097
0.07833387774886594,4.490016246268082,17.527710557853695,372.77200060075376,312.77200060075376
0.07751877067342208,6.888229259464794,23.480046689050262,469.45471098845303,409.45471098845303
0.06061543864420013,5.620931299339086,22.360762330487997,370.36265328575274,310.36265328575274
0.056179131581126765,4.376347315441826,24.74067789612846,417.5783986476947,357.5783986476947
0.11373167946416803,5.594839185662732,28.877324253729277,966.5039870450773,906.5039870450773
0.11775842104596461,6.693972134863838,28.35693595113077,931.1136911755019,871.1136911755019
0.1336948250741804,4.233822599689198,14.27231645218618,489.864558060504,429.864558060504
0.1158808078382202,6.024263484887761,23.37561380703262,733.9012997311496,673.9012997311496
0.12303344288965064,3.5538099300006647,16.84209687002651,596.7398477029905,536.7398477029905
0.14942561254325815,5.598285550542195,17.886313524425894,670.1933290353861,610.1933290353861
0.08932624404404313,6.858676179149397,27.88947277285204,685.6897551739455,625.6897551739455
0.0954700520250239,6.078357869387125,12.583486377693905,226.68140934789275,166.68140934789275
0.121149042003535,6.640349892255047,24.745828518512525,800.613407564099,740.613407564099
0.07756509134091416,3.6297459798620104,28.315237348956263,698.8773233862875,638.8773233862875
0.09279130105791583,3.3891865895285203,29.885823184173347,897.4099448956954,837.4099448956954
0.14681426473455228,5.7796655146796985,21.245788350504952,828.7863201391228,768.7863201391228
0.1326386094311106,6.300230944418642,11.114350002206558,233.06639097319112,173.06639097319112
0.09252636348337151,6.32771868224704,23.245795863828974,571.359377941116,511.359377941116
0.06364392234972552,3.4699735698372307,23.1098075507762,456.23396512819886,396.23396512819886
0.06884251192762894,5.868047769565795,10.563575048052481,117.98694082664028,57.98694082664028
0.14179846698899012,6.289277876899881,29.66526391131992,1209.8578291734334,1149.8578291734334
0.13756336063606955,5.593362186591458,26.714918249366452,1060.5265653583442,1000.5265653583442
0.1067075405828497,6.514105486080705,15.489896493942794,349.59137288063675,289.59137288063675
0.11441934037159429,6.889366481713225,14.986737008619482,338.170964968046,278.170964968046
0.07327261275735975,5.3333368393206015,29.03256939617284,633.824211771469,573.824211771469
0.14359090372935696,6.117755940492591,15.351611446165109,483.95264479252256,423.95264479252256
0.09113251043170187,5.224369867492701,11.521321938215962,209.45782334968672,149.45782334968672
0.12671268385709505,3.9079913822673826,22.166766385912446,844.4707103989678,784.4707103989678
0.08817597639077783,6.053781139707344,26.107817433327714,645.4237442296161,585.4237442296161
0.13831090081144615,3.0004240720879793,25.74548732229018,1148.2499183093066,1088.2499183093066
0.13561213234599417,4.629501204757081,17.107947042916884,617.6634566940493,557.6634566940493
0.0795313029075027,5.038112385789422,20.024398582209663,435.03578643529903,375.03578643529903
0.08366434200512654,6.4936864463772,23.668801491258105,524.4848151686932,464.4848151686932
0.10434746105104473,4.6664297730198365,20.936850035446277,619.6886212854503,559.6886212854503
0.10808192753977736,4.807961800267526,24.088137680910634,760.6010789573284,700.6010789573284
0.0878389267549584,5.121707936106679,11.668952254793382,209.91256366691766,149.91256366691766
0.13363190400247732,4.276863718057827,18.22527562117237,680.3427867547653,620.3427867547653
0.0825868284860787,4.260352520438552,14.184239562439771,299.1475603243354,239.14756032433542
0.14834602951702452,6.422034207882467,10.724249869209249,232.94906319158264,172.94906319158264
0.1207848975937089,3.621871069683067,29.417802129012063,1137.251995337431,1077.251995337431
0.11220459862737168,3.100285788637128,23.769646855832363,846.5070372865355,786.5070372865355
0.09237029033787436,5.05123076464554,24.300011341891995,648.9756394581566,588.9756394581566
0.08580654897820253,4.673057448880073,22.685020813402453,564.1237120704899,504.1237120704899
0.12435362603208659,5.573060803943392,12.163919943235994,299.1529899127796,239.15298991277962
0.09662991654639419,3.611931269281657,11.133082987109834,265.27041593167473,205.27041593167473
0.09753513944294856,5.4478443592729455,27.53693088470962,786.3786790654251,726.3786790654251
0.10769823890931411,5.4181621300651575,24.792447565412356,761.6003938523426,701.6003938523426
0.05654495787386119,4.038550665165696,28.67347706903055,508.4380196422562,448.4380196422562
0.05292817750980944,5.0487749047327295,24.96633723683363,384.78310025678763,324.78310025678763
0.09692166972361022,5.216928491249478,20.22999025953211,531.1082201996618,471.1082201996618
0.09181547439035986,4.403958513828647,27.20720134886453,764.1970538661488,704.1970538661488
0.11431574519017763,6.442065124869888,24.6542620989908,759.9084170561296,699.9084170561296
0.07759634368714795,4.210326118277554,24.801631717584662,583.2006595815889,523.2006595815889
0.13782941516573807,5.6500690746030795,15.557029049696457,498.3967322946857,438.3967322946857
0.13945375117373038,6.593081937074826,18.91617621236429,627.253128806173,567.253128806173
0.14234091691190143,6.946298308227455,27.111264378018795,1047.6594123530904,987.6594123530904
0.05256340968328747,3.055515196214765,19.003351997755942,305.9695279669905,245.96952796699048
0.09089702788073045,4.960311075621307,29.3873998972729,810.4276673883616,750.4276673883616
0.0656291541267737,3.612337329840789,18.333664366688662,352.64410798395437,292.64410798395437
0.08683334405088823,3.6501237211504667,11.107896006761052,236.36790695630512,176.36790695630512
0.060429621216877866,6.155936737458227,28.570934746511327,494.40339133141487,434.40339133141487
0.09504890694388682,5.777096942812287,25.80829227854079,694.9392758257746,634.9392758257746
0.09308839690815598,6.810659519983979,13.997382524823983,244.18519109338547,184.18519109338547
0.08461730308024534,4.274218047360695,19.45399345991433,468.83215472254915,408.83215472254915
0.10099212918829513,4.83139130708829,16.69551061118674,437.33667435467277,377.33667435467277
0.11600026686856749,5.907002154801528,25.611957738593464,834.3097388188938,774.3097388188938
0.11342158365421692,4.790969395987231,20.197303862129715,637.8049615115953,577.8049615115953
0.09229783343012865,3.1497219147502107,10.307616478567908,241.14022845900928,181.14022845900928
0.06943950177951042,6.661356738633957,20.68334015683178,355.3930330198778,295.3930330198778
0.0853061300703258,5.759429828664572,11.835041267193382,189.17471836564272,129.17471836564272
0.1358958582285903,3.8842423564096533,28.546246084828255,1223.284419243201,1163.284419243201
0.11851929057918477,3.34137214710261,16.311309657450124,561.0735442927021,501.0735442927021
0.1047301645446295,3.02049629422157,24.297762241170535,813.3556207445895,753.3556207445895
0.06900595529393956,5.223044965420715,18.003400166857034,321.9010261799086,261.9010261799086
0.06576346954779921,4.242000009784467,15.145716312270457,261.72916848097844,201.72916848097844
0.0864212749122337,3.8851238951109335,22.00800370085259,571.6638679310794,511.6638679310794
0.1360523792861899,5.9391234554877,21.739436012900853,784.6295926690561,724.6295926690561
0.08963411497798943,5.984542443228117,13.748689266768492,254.01533661683143,194.01533661683143
0.12710455806287968,6.320954541701068,29.436252628637845,1072.391807958617,1012.3918079586169
0.0625518958344841,4.367110001638785,21.179496651730993,383.85103033995824,323.85103033995824
0.0858238516232259,4.312543793229706,17.807626871126246,422.74300281798224,362.74300281798224
0.08040836908098054,3.3198140207465805,27.981682326957362,723.8025222822015,663.8025222822015
0.0845497209261989,3.2976033781643386,25.233024966163924,676.9413273873175,616.9413273873175
0.05529845420775575,3.8467848438922503,20.8859019835455,343.91644619401103,283.91644619401103
0.13951498713371482,4.6959590600514876,20.792923324814442,819.7052332359489,759.7052332359489
0.06865941951053282,3.5725152666717266,22.676176934728872,478.7509070388636,418.7509070388636
0.06342940761110397,5.982776024602461,19.94698629302374,323.2956785552427,263.2956785552427
0.08299661722073606,3.6112319746842045,21.942371257279824,555.3192308440192,495.3192308440192
0.07587483226685679,4.242320547816773,28.477451629678495,671.1753246175642,611.1753246175642
0.10945641546490026,6.195124397903871,21.256409528848458,601.7223131957182,541.7223131957182
0.05991101421811821,5.34213718643427,28.113605070104917,497.95553369329525,437.95553369329525
0.0914353476238858,4.933148162465052,28.940476204252228,801.2182105328372,741.2182105328372
0.06037184535943553,4.650264429624691,13.273832245940252,190.02655646842098,130.02655646842098
0.0987073421923349,4.461164737746596,16.43453775179068,431.3788369622069,371.3788369622069
0.07615679229612672,4.112642609821554,24.8528432249705,576.5201099061827,516.5201099061827
0.06526751809326023,4.676589327189566,23.06958491334902,438.16978785625486,378.16978785625486
0.1362266382445101,3.889679047007081,12.450492166676527,425.66693905520395,365.66693905520395
0.11383406617352633,6.56833162798131,18.862359023935646,510.8098817675272,450.8098817675272
0.12484048593348429,3.401062292099416,28.297119605056533,1134.4331008637662,1074.4331008637662
0.08342265968541415,5.662647397363266,28.159166378299272,685.0025981743757,625.0025981743757
0.11701886414255126,6.0851756412665905,17.66625611742407,494.6497822451501,434.6497822451501
0.11849740316760322,5.183758459129978,26.40638459537311,917.9115212227263,857.9115212227263
0.11349614003470707,3.788996713241442,15.424951686890907,482.0321309213061,422.0321309213061
0.10209147861601528,6.8224909035132555,12.567870114744089,214.09230449275904,154.09230449275904
0.1319481199309146,5.162586841067755,21.576871374306805,790.5294042227736,730.5294042227736
0.11515303993118019,4.0397223218252005,21.45282028089217,731.8874750811865,671.8874750811865
0.05920889654445918,5.330242882228669,29.570020769335052,523.8518329300982,463.8518329300982
0.0881872844180153,5.800984399745879,25.47300001701933,633.2098972553885,573.2098972553885
0.10228261496892015,5.731717550243173,21.110905420736387,574.1535962947057,514.1535962947057
0.08789783760858351,4.5968194851877975,15.330859231746668,344.3770921223961,284.3770921223961
0.10498807653118164,6.939893208989492,22.48771657134528,595.8026652070108,535.8026652070108
0.1048826244527884,5.42246826250584,17.689803167309513,469.6200521478438,409.6200521478438
0.11087610272185705,4.671552799236347,26.82496382028329,896.543614743329,836.543614743329
0.1298613684169802,3.0113412337295853,21.05776626791421,855.3897092403876,795.3897092403876
0.06057085149615998,6.175373293363385,29.570190103978966,517.2210508077171,457.2210508077171
0.061898395811578105,4.778720962846009,16.347942482726427,261.3824322973257,201.3824322973257
0.10100888542861863,5.830909898870708,20.96206096056264,557.85895695765,497.85895695765
0.13721886409666123,5.981290118321606,26.58755204437148,1032.0622669913573,972.0622669913573
0.06754239129666698,6.332501300205866,22.422896464608996,396.6760747039218,336.6760747039218
0.08960306524702563,6.21067819952466,12.981157509654306,221.42933027340206,161.42933027340206
0.13690817707015648,6.199320754315597,21.174403532689524,748.3271189015821,688.3271189015821
0.10358320756463466,3.257930000761365,11.083704912890788,295.87588648318257,235.87588648318257
0.1059389997789229,3.80286905985095,13.631277806885052,380.04230410891154,320.04230410891154
0.1261210214681735,4.825113498699823,23.911207415253465,878.6125461165317,818.6125461165317
0.09718005573495672,3.9019196564265153,25.232645672727756,756.6162172429048,696.6162172429048
0.057120829171045454,6.901397483428651,28.566015966022285,451.68785456103825,391.68785456103825
0.05519128371022906,3.9070287542395175,26.83739444694393,461.92805626175357,401.92805626175357
0.11339147155694125,5.0396073730294955,18.51031643482366,557.5241860527764,497.5241860527764
0.10580697322886509,3.9967641874438957,21.05800183467045,658.897238971863,598.897238971863
0.12927296945070582,6.002726074648713,23.822970717053956,840.8417185605414,780.8417185605414
0.08736872686575739,5.522500291866189,27.455222556287836,699.4254176441115,639.4254176441115
0.12166952057085151,6.51031361170398,24.320600219349103,790.9436969652984,730.9436969652984
0.07270610993217576,3.8675066320117577,10.30061788799671,170.7201703769991,110.7201703769991
0.0543993084460519,4.244413708681265,18.801640197046165,289.0446146587537,229.0446146587537
0.12319313490565993,5.51160864811872,16.44069099880971,491.4315894946659,431.4315894946659
0.052397932436685904,3.600617965241958,28.888886103053075,483.6443323439256,423.6443323439256
0.06352686874221666,6.486791266845098,22.166458526815518,363.56925984020705,303.56925984020705
0.12388219943944441,4.317245204890726,15.99972386300873,528.24667014129,468.24667014129
0.11303234585136775,6.742558269122274,24.975182114393725,752.2198291536653,692.2198291536653
0.11142476269992369,5.693409134158832,20.366009785596855,596.735231708688,536.735231708688
0.1145441203989342,5.597468294988853,18.681740172545283,547.0351408454526,487.0351408454526
0.05499924520021013,3.5030160502976475,10.501383851196275,140.4903055392508,80.49030553925081
0.13938716274741458,4.763853106811585,27.11600855322457,1137.195288072107,1077.195288072107
0.10926566699410814,4.293779993874457,11.139718302038151,273.02949563633814,213.02949563633814
0.06200912178357864,4.106320574312607,10.87900881777534,153.28848428324852,93.28848428324852
0.13129265956191988,4.096130784747731,24.00652207578384,954.1422023142954,894.1422023142954
0.06371955544171308,6.34704422697854,23.198294865630892,391.92028275611125,331.92028275611125
0.12893028592870887,4.39835782096725,10.981800745647696,309.81389021615064,249.81389021615064
0.10154727843065398,5.154359603902998,18.11617373102805,480.4264860687463,420.4264860687463
0.09843389835683411,6.2084995043984454,15.187325515706435,322.59460914068796,262.59460914068796
0.11843211316792465,6.04424550189502,10.251507973976505,181.87036960556168,121.87036960556168
0.12002031318492853,3.8089704803717286,12.093541382419776,362.92562990729164,302.92562990729164
0.09366340651969389,5.271537614930029,25.235180422690764,682.4999190497987,622.4999190497987
0.058561719435019366,6.402918969630873,11.679707383375801,112.79149795034735,52.79149795034735
0.05504993742338802,3.2681011643105005,19.29995482158852,322.13167732413535,262.13167732413535
0.11745060965615826,6.58485985255469,12.051888442313697,234.36863191931755,174.36863191931755
0.09408194190668084,6.334820777902717,24.44349422822935,621.8501946996497,561.8501946996497
0.09051185604640993,4.655666691301528,23.54661873592976,624.0971231957036,564.0971231957036
0.07415105025659298,3.087610313427334,29.79331729679148,722.7935205413675,662.7935205413675
0.06830700958011597,3.499288406117036,29.19209342566417,640.574517692744,580.574517692744
0.11971701729959673,5.42280804764801,26.32882542333514,913.524205998244,853.524205998244
0.13985097040898486,5.712233991544443,12.440228236536466,343.43453128489296,283.43453128489296
0.13803090289663072,3.5249672523266575,29.03274300309069,1285.114380983401,1225.114380983401
0.06033297328870721,6.43060092164773,15.058311096159757,189.99542373806267,129.99542373806267
0.12084035491282726,3.6841106088974613,13.102467017944111,415.41289887511493,355.41289887511493
0.07321173016637463,5.703201951795958,26.864008891340497,565.4650400326491,505.4650400326491
0.06830107709963526,3.0744842505918237,28.425018043163675,631.9860985254261,571.9860985254261
0.10513412296834745,3.5397436467690846,16.638198007361865,502.63949667627463,442.63949667627463
0.14353854603523894,5.4917350296002,18.761741154828037,695.2364455592802,635.2364455592802
0.12348683601490965,4.284554078160873,29.692641791508162,1145.2109917323535,1085.2109917323535
0.1475503453421461,3.0289283043613993,28.217613437014712,1356.5587043637156,1296.5587043637156
0.058878811744040284,3.1783437115438344,21.69235180530838,397.88022097084627,337.88022097084627
0.1180837086985722,4.130344652483449,11.604364911395376,322.13441133711285,262.13441133711285
0.07566228371299613,3.841849142950146,27.158831513737006,643.9388894463327,583.9388894463327
0.08361608904007703,6.841893086236853,15.041359210516077,250.2466606780218,190.2466606780218
0.09021810774154827,5.002755876545253,15.919985647642998,359.50011128076915,299.50011128076915
0.12537457563518442,3.223957889096066,25.623419759945875,1025.0379046777155,965.0379046777155
0.11292902037734455,4.5062350784023515,17.02520706218483,516.0206634248916,456.0206634248916
0.05704991447261888,3.866041876776892,27.470361635012154,491.5179145379595,431.5179145379595
0.0680072676622371,3.4425055886869806,24.32474185788651,518.3524984411176,458.35249844111763
0.05459667505788747,3.5599111763941296,16.54648426672342,258.79365456179806,198.79365456179806
0.13411699403018643,3.734222517719863,14.06113549197074,505.53030188701877,445.53030188701877
0.11944884947595402,4.824325369731849,28.742176864147606,1042.7903426748119,982.7903426748119
0.11920903795747909,4.138546390098314,28.63933394686486,1066.0610895525908,1006.0610895525908
0.10532251063472514,5.018325505745438,24.18584684935223,736.8515867519718,676.8515867519718
0.10324793892192843,3.8881743970471647,26.25032274922392,842.7286904384564,782.7286904384564
0.05741069923296508,6.675720012791645,16.789552444480705,211.9344000173326,151.9344000173326
0.12140282650219712,4.684507680454438,13.669032766011833,398.1225601607952,338.1225601607952
0.1303652992960608,4.046937577527473,28.420855793181566,1159.7922972685308,1099.7922972685308
0.10524525148956762,4.765743253016311,20.687053603869153,611.6094438504216,551.6094438504216
0.11871780520775661,3.1483285473283,23.043775551826513,862.1094877304613,802.1094877304613
0.10001754351649061,5.713015904714729,27.67959778855098,801.9208992084285,741.9208992084285
0.07929501737404689,5.830956624454913,26.98115477264239,612.143445313147,552.143445313147
0.1467540273287562,5.591034369010733,19.499471377009357,745.0084878418218,685.0084878418218
0.14758546053527333,5.527537009687871,20.295065861678655,795.5074795049835,735.5074795049835
0.13505193135189852,5.883073373170172,17.200679319553302,557.8895575886521,497.8895575886521
0.11069261099477594,3.279155893794229,21.099785770344187,720.0033984714917,660.0033984714917
0.09002709876017917,3.4014328947943975,12.35211675638821,294.1184964922795,234.11849649227952
0.0962444150341927,4.75638731921055,13.688490344970457,313.77773621988285,253.77773621988285
0.07385348953261868,5.037437268034198,23.569518127937002,499.5604765286333,439.5604765286333
0.05079135082561059,6.7647885828412715,18.9686096415301,226.2447232337662,166.2447232337662
0.10579228446211934,6.550787542681787,28.505522082599132,847.7641554340973,787.7641554340973
0.06223309464506277,3.35464875456188,14.078176492862891,243.5857855833246,183.5857855833246
0.14564835256899422,3.266979783332329,28.21867368868623,1326.4731855590226,1266.4731855590226
0.05795718187044007,3.2251968885203315,24.2518678626067,444.8060067278849,384.8060067278849
0.12915554452299993,4.092433031958127,16.990073266715246,608.0176378673601,548.0176378673601
0.14859178894997616,6.583776649356695,25.313525977570038,1015.8267401312997,955.8267401312997
0.13756026377803154,4.916627134142647,21.107301767874276,812.9256177765486,752.9256177765486
0.06113264221799916,5.178867950641123,17.612392435453607,277.4343844011525,217.4343844011525
0.09876114298513092,3.6524135327297915,28.64902859462688,901.073410109388,841.073410109388
0.13140067145413825,4.699492796270153,25.7296843704935,1008.6341721866697,948.6341721866697
0.1348353821885288,3.8664804847649834,17.85040436027531,688.2176178911507,628.2176178911507
0.07599678127113055,4.388958099267073,15.393844554244101,305.2626213238685,245.26262132386847
0.13368387362946463,4.880044650912191,10.203741166730476,259.76771587572955,199.76771587572955
0.09772538146927207,5.598513040428852,10.184883071793909,163.59473771915142,103.59473771915142
0.07188226154392177,3.9319117442951925,14.469150850280988,276.4658107390687,216.46581073906867
0.10728582823702136,4.122839152865524,14.024633559616781,387.7476080957702,327.7476080957702
0.08208728014087723,3.2535460963780687,10.354327109617994,212.75258709228945,152.75258709228945
0.14265122069590216,5.046249321186641,27.35321655841472,1161.4723788411397,1101.4723788411397
0.06707642860994732,6.485039781689408,23.654984343923594,420.36997464289095,360.36997464289095
0.07771871169975497,5.415157506487794,18.071679964221353,359.031746305135,299.031746305135
0.1061711702299665,3.075682957183526,18.00943489292703,578.719880413799,518.719880413799
0.086924872263958,4.800102786024112,23.68708441621196,599.2381899643669,539.2381899643669
0.13024752534767733,4.903330684386603,26.174348249369576,1011.2315508050934,951.2315508050934
0.09938899798893155,5.362020845298567,15.981436010089102,385.2403568468034,325.2403568468034
0.09145049593217972,3.50150571300035,17.23211483562311,458.31992000588826,398.31992000588826
0.08944906685411512,3.7124171946585487,20.076902184680804,534.2825878455674,474.2825878455674
0.12143326445785767,5.50737155695132,26.410509889268276,926.4927586642108,866.4927586642108
0.1384959770160982,3.3690205057394738,17.289198197529686,703.6793425266958,643.6793425266958
0.0770618426261732,4.299532624848423,26.667189838743326,629.1479012486752,569.1479012486752
0.09708648817666246,4.419115590605035,29.638380616456065,893.6842046510872,833.6842046510872
0.14219834670755394,4.3994305402123945,29.831263373623493,1319.97307266869,1259.97307266869
0.14414731734326647,6.181290388153736,19.763548419520674,714.6138114202365,654.6138114202365
0.14325487866237008,5.312072862904769,25.084051513283192,1033.8378269033503,973.8378269033503
0.052276083477061856,4.224431837693688,23.66786454163926,370.9956765559141,310.9956765559141
0.05922502413180421,3.619723672912687,20.19942356780234,358.40559112611265,298.40559112611265
0.14515549779872022,5.781311371480643,11.99601515182312,329.2659236311282,269.2659236311282
0.10798276538652726,3.706332690445339,13.596461977652917,389.8066813189797,329.8066813189797
0.09511936801780446,6.812376020463196,12.795763655891202,207.73465842792191,147.73465842792191
0.09346865276149624,4.191894032603331,29.28413209033544,856.0482553998417,796.0482553998417
0.0836719905238941,3.390503591809782,21.915400015598674,565.7554596799952,505.75545967999517
0.09435208707940979,3.087304398762716,24.79202630587745,747.4783211662789,687.4783211662789
0.09898414474478734,3.6069289211240902,26.20826014718172,816.5683061493141,756.5683061493141
0.14866373700433835,6.19191183251656,26.292697271164023,1090.7141262115779,1030.7141262115779
0.05825596405102471,5.532344447839329,17.11040728031094,246.18929243437466,186.18929243437466
0.07557837648829918,4.215136911431783,26.402601684461207,612.065786566966,552.065786566966
0.06602493973669053,4.261236124383048,16.07130151826688,284.6119824099073,224.61198240990728
0.11639847864920955,4.725150467006512,18.340747277013165,578.4646854238189,518.4646854238189
0.14241508717832443,6.460940746282121,27.037600722032757,1069.6057908641221,1009.6057908641221
0.12657873513277362,4.438789480608515,17.657065974714726,610.7007425296217,550.7007425296217
0.1402817484335301,3.384767435506799,25.023493667848058,1107.9641976577739,1047.9641976577739
0.0864865904723309,4.907103294862585,13.975451031523267,286.26602409086036,226.26602409086036
0.07185501554321114,5.6641688235001855,15.75863440176964,264.74836307484094,204.74836307484094
0.10511020506763966,6.1948733862970915,13.967563710166749,298.2010119622573,238.20101196225733
0.06839777822358886,4.918745528290421,15.81930815172112,272.13460666286056,212.13460666286056
0.0792792187622102,3.198745621792239,21.62745969309497,533.2701298432362,473.2701298432362
0.11036866539503001,5.481281501585627,14.723558075532035,372.32107169754863,312.32107169754863
0.08581588049514292,6.298571434790173,13.055897219494273,211.65833963252396,151.65833963252396
0.14430888880322193,6.048244324951896,17.279314384657592,591.5712827413515,531.5712827413515
0.0832208427248324,5.022507869594129,15.340268143020557,313.40823732038075,253.40823732038075
0.12570395181458371,3.1043385018790004,15.756714177989462,580.5155721503771,520.5155721503771
0.14985506192229378,3.4745423193149225,21.59532538207781,991.1542398020366,931.1542398020366
0.14791051832554197,5.496951894396412,11.325626445779314,314.6746300267684,254.6746300267684
0.13935704658741238,3.0978951211522983,16.89314150673331,701.6996495326896,641.6996495326896
0.05742288403549729,4.1438182978388385,28.191464527833944,504.02309828896045,444.02309828896045
0.0591679637118625,6.027751082970964,24.530887089016353,399.59940111289274,339.59940111289274
0.13633111135507417,4.315085875416921,27.592146211237434,1158.2864392014574,1098.2864392014574
0.1339411693194589,5.32707412752438,21.821269112271448,806.3768935826646,746.3768935826646
0.05772840538968863,6.318243938790587,21.05404887698329,310.49620024360786,250.49620024360786
0.1359764031177261,5.165244629031383,16.87522397356227,581.182518226045,521.182518226045
0.07615073853461725,6.740852560048146,21.259999555139686,403.55997479764466,343.55997479764466
0.09156156444292403,5.997344050139917,10.099016994736033,137.07779094875886,77.07779094875886
0.13209328008582313,4.049105359061549,16.487301562898597,599.6957792442922,539.6957792442922
0.053776347349351675,3.545102719447271,16.784769551674664,259.87303666123603,199.87303666123603
0.10766495407085458,4.550936332138786,26.087533770996586,846.3389225454449,786.3389225454449
0.05118293460465027,4.54923084924961,18.26217431717746,256.1820713960193,196.1820713960193
0.1195929246798704,5.789366874259854,17.427816667578963,508.0348310758459,448.0348310758459
0.11050967174848464,3.0628232977117564,21.7092313641269,752.1220786683593,692.1220786683593
0.13558802612104998,4.582856459109562,21.68081057338373,846.1714149078928,786.1714149078928
0.1426499889142403,6.249499012986929,15.65633899592915,489.78825103893024,429.78825103893024
0.08352744354289494,5.125315847489718,22.016705821566774,514.9765371835712,454.97653718357117
0.053198895517061674,3.7537978943755292,10.277205358215525,126.66889631067615,66.66889631067615
0.1428865853470696,6.146349596204716,24.821994427220563,974.0021784563545,914.0021784563545
0.06515375574254612,5.19229164590204,18.813305607668802,323.92297907022817,263.92297907022817
0.14248835091705692,5.627106086412349,27.348118833116274,1129.6718195820686,1069.6718195820686
0.08064513814637933,6.698059762475314,24.810407172400538,533.1455570454519,473.14555704545194
0.13778482637605766,5.992531055295402,27.00918775695819,1056.9583840449927,996.9583840449927
0.06739544699585708,6.2446128103281096,20.700028811742882,355.59366636814093,295.59366636814093
0.14387460314624245,6.157055372974481,23.915582528898472,932.575382162422,872.575382162422
0.13892586878871083,3.458405114894246,17.022149366689924,687.7895582861379,627.7895582861379
0.09162788647971289,3.1510913843767914,29.277266417729983,873.7684630383962,813.7684630383962
0.1448812661732498,4.700744227943398,15.565517263401446,574.5472570326829,514.5472570326829
0.13145337063959683,6.532108772171076,19.467468685749367,620.6447812928094,560.6447812928094
0.05908858357850453,3.6641104571419967,24.023857917224646,439.10545339280367,379.10545339280367
0.06741212779941166,4.476908469885995,23.91720941056836,478.33689878739045,418.33689878739045
0.07435308549615832,4.794046742270721,24.483195588432192,534.3413731394094,474.34137313940937
0.05006410333996834,5.2223733616348795,25.32136472835504,367.2768629966025,307.2768629966025
0.12000833870358864,6.36205358383404,20.705639642317802,628.2927258846659,568.2927258846659
0.07307018181219224,5.174130722891477,12.903973213747024,206.1596636080447,146.1596636080447
0.08643461382263493,3.088588420974751,21.42179448222922,578.3876089028918,518.3876089028918
0.10111920734265253,4.188772763959657,14.798839934311314,391.6017774731648,331.6017774731648
0.14685467478337857,4.227921617914788,12.423574043430541,439.3030031291542,379.3030031291542
0.13455305853250332,5.551047210524269,11.247729704373409,279.7747093581292,219.7747093581292
0.07036170459252368,5.751019370960932,22.70839730522195,435.49975615910245,375.49975615910245
0.082720777284683,3.4715451125765533,27.217028664527074,716.9493725925709,656.9493725925709
0.1490930029612954,5.0083379041873375,25.414085514482423,1110.4592789445478,1050.4592789445478
0.13656455257639713,5.755279680567157,25.892921939687056,1003.7821583469936,943.7821583469936
0.0792068265067731,5.713342341384627,19.76976080323471,406.3779689212421,346.3779689212421
0.09861008711754414,4.50181614751163,15.241128636052322,386.5366571282974,326.5366571282974
0.07609905766060134,5.833291656765972,16.739810857556705,302.94117924116176,242.94117924116176
0.10439992819757904,3.8402858563229096,22.15107191633163,697.7503337157417,637.7503337157417
0.059446987010390674,6.207943723816626,12.622392231864318,139.1816675549068,79.1816675549068
0.13022418212654174,6.178277424850004,13.577504937253996,351.6987981774208,291.6987981774208
0.12545854973850462,4.042685321464484,20.57786822097303,757.1852241751413,697.1852241751413
0.13620156049256707,4.327497173398727,27.921121280733644,1172.923273699334,1112.923273699334
0.08906508180870111,4.472791822722067,27.255884031857217,740.649959583558,680.649959583558
0.06719452384836698,5.180158004930725,20.224332100813086,368.9734319986345,308.9734319986345
0.12805154114995207,5.12988608065076,22.229381748470686,799.2101222002137,739.2101222002137
0.10786171799408217,6.049201016630368,11.196934051603911,202.66381505840502,142.66381505840502
0.12171503375872948,5.607208871269314,24.576306538074768,842.7208924540698,782.7208924540698
0.1428979559738397,6.220710321258506,20.242619573431647,731.3512924099676,671.3512924099676
0.05954457751147562,3.024718591256772,25.45578054339613,487.5115590819639,427.5115590819639
0.06453023860728821,6.263100785514727,26.169150452389495,468.85787917716493,408.85787917716493
0.134806164054939,6.441769657271324,22.077705796693465,769.3545089126741,709.3545089126741
0.11348021911748833,6.858293684642748,10.482232465388037,150.10455892117872,90.10455892117872
0.12262154838671765,5.61957388307153,15.254616006611979,431.234281145319,371.234281145319
0.05145138202312166,6.634000873007517,20.12938583540179,253.4400156459723,193.4400156459723
0.12810507827319684,4.2962437911172255,27.49168756130025,1084.5807610127038,1024.5807610127038
0.12742508820263065,6.452716360778571,13.858564560492812,344.44716392331645,284.44716392331645
0.0879476387976161,5.607487386625552,20.000704317576528,462.03504697933835,402.03504697933835
0.08922079942728618,5.184126361932128,22.30297670053929,557.4854920576089,497.4854920576089
0.09767266430329227,6.591982482335329,11.632971288681777,179.71388471520967,119.71388471520967
0.06794954980715537,3.2299009338189113,21.73179930765286,458.8764177541113,398.8764177541113
0.10612843565685731,5.130062732560674,12.222053925738614,274.721604823827,214.72160482382702
0.10646711901581643,5.824180082436201,10.534547704348341,183.04723362678433,123.04723362678433
0.05276276300498339,5.836713040557838,20.905200648789105,290.1950897885719,230.19508978857192
0.12379213586848772,5.426012116700678,11.286457978866109,264.7991453029714,204.7991453029714
0.10104545914263084,5.5174611238876725,20.90966234115161,567.6888943131815,507.68889431318155
0.13460906772027542,6.272869413482834,19.62919418493593,656.2270853639004,596.2270853639004
0.07718014181013647,3.676499971921665,26.09786068718964,631.6265868469209,571.6265868469209
0.10174593854826096,6.202685306127917,27.936549858452604,807.1363432123251,747.1363432123251
0.11876282242411952,6.048742071700815,22.44134650686194,710.5936689046843,650.5936689046843
0.11642210946996087,5.847981642793595,29.909857864082245,1022.4870514329432,962.4870514329432
0.09966893640300242,4.290257575411781,26.581996491208745,810.954776533479,750.954776533479
0.08600863853957058,3.5301552616413154,18.065374184045602,456.3063524925679,396.3063524925679
0.13800427522205894,4.0601200180309,22.196493775549694,913.5574471804041,853.5574471804041
0.11616168262391542,4.310048178889144,21.135158361060217,713.3680848192239,653.3680848192239
0.10406319355753355,3.231750094904617,14.720456006955986,436.37627087375427,376.37627087375427
0.05258087342902967,6.198012092335096,19.406670936773303,253.50082888632312,193.50082888632312
0.09225676894337462,6.544204878453259,20.433708088229096,467.71125125233056,407.71125125233056
0.13276295500432567,3.6957227037840896,17.037700468913364,646.5319437007086,586.5319437007086
0.11644882110392933,6.988951804230297,15.088978064227575,344.2820557439568,284.2820557439568
0.12464275056935022,5.390565668627376,16.54818033990317,507.6112605835742,447.6112605835742
0.11924131871502192,5.786248884760566,18.203230341616305,540.4252938320401,480.4252938320401
0.14669352140682612,4.518971350643269,23.682608605339198,1026.0812226268515,966.0812226268515
0.13930724905703856,4.135521316951451,10.591066419326893,328.24604372207983,268.24604372207983
0.0650318991590255,5.557897085335842,16.835207406900583,267.685491280218,207.685491280218
0.11332857633051928,4.045347871209113,14.665586487869204,439.3054307915194,379.3054307915194
0.10836510601324523,3.3089476369727406,16.71548141108915,530.2721656013313,470.27216560133127
0.1432916439210661,5.570439818932973,28.524152474193606,1200.5124554693875,1140.5124554693875
0.061785312179487566,4.8174939412142805,15.247042658181776,235.20341702968892,175.20341702968892
0.11936691134111116,4.159899265337248,16.086328387926056,519.6216678076181,459.6216678076181
0.10529749786953567,5.910286686799866,22.01704016869094,619.040306762265,559.040306762265
0.12081478798309843,5.190917908645153,26.246595841505272,928.5006018340983,868.5006018340983
0.07025975533871569,4.260414843846114,12.749370874122768,217.6976704254488,157.6976704254488
0.10314445442627715,3.7421120605235494,10.200486175298455,243.14309821047559,183.14309821047559
0.11937614150077319,5.90772018584292,27.29936357878271,932.0829247425262,872.0829247425262
0.12603773280634178,6.058657475869139,29.76620637911015,1090.6366856683896,1030.6366856683896
0.08857535366009812,3.7470625213974738,24.041015123281912,656.1035705387117,596.1035705387117
0.10219981004683501,5.793909295882709,18.06352855669825,457.69275659785285,397.69275659785285
0.1494068712622078,6.66243824408748,12.400185776496839,312.89950102205347,252.89950102205347
0.12610149615520694,3.310347535069382,16.519927362480068,607.9979396336166,547.9979396336166
0.09287434229481117,5.915206965534714,22.775233648134346,571.5403195650839,511.5403195650839
0.11317352112134997,4.803965252972744,28.532883064481357,980.2020911115549,920.2020911115549
0.08784149018813073,3.053798846418809,23.168750299736345,644.9284684132812,584.9284684132812
0.08904787340967764,5.146556671945066,13.94633434854498,286.0145433313993,226.0145433313993
0.059180720481014526,5.8242603708822696,27.669948806150884,471.88790706608165,411.88790706608165
0.1292396381855645,5.867233732105733,29.9950786003278,1138.169988452754,1078.169988452754
0.1217006107829019,6.349527274648306,17.894147901234973,512.820394252057,452.820394252057
0.13530664160728378,6.529736151288608,27.445689791009457,1032.9746166965592,972.9746166965592
0.13604558966243363,4.817863604136744,25.743036675048636,1039.07379086555,979.0737908655501
0.1483405903995651,5.409966323028452,16.948974022475895,624.7716733878237,564.7716733878237
0.13257445316971855,3.209864951266696,21.9623597201953,907.4271349389318,847.4271349389318
0.06321795099017428,3.1875543734188345,29.83123629423073,614.7910269217028,554.7910269217028
0.051834955407419114,4.496141624654596,25.87697500672565,404.52020890058554,344.52020890058554
0.1386794171563292,3.7600752458578817,28.256772113375877,1239.9734900025749,1179.9734900025749
0.05076849719432586,4.219679071136399,11.467643994093496,134.30842470233765,74.30842470233765
0.11542433803167541,3.5044416153180205,12.943506481627558,397.6667020486155,337.6667020486155
0.08485717027669222,4.355051360098763,11.391085749573659,217.9261584150217,157.9261584150217
0.1001663610562655,5.38372272378246,16.800552262297415,417.40752843054497,357.40752843054497
0.12526164717578164,4.253255431984032,17.480486802032534,604.7556479804178,544.7556479804178
0.14943342645373925,5.508091426151038,17.052496153621593,629.6687835000549,569.6687835000549
0.06381355481640924,5.580629013839241,11.881959703211479,146.77026364734064,86.77026364734064
0.09718950218728484,4.9244301099691,10.472440028881458,196.8110375844619,136.8110375844619
0.07016535636555045,5.243203103935569,13.647609289900402,215.23982660385656,155.23982660385656
0.10500556169760236,4.988793787548168,12.050612027564945,270.6585196782574,210.6585196782574
0.06972272691963823,6.760301885539689,19.453286237268152,323.0211608390438,263.0211608390438
0.0933415756236412,5.975149502141658,26.84001649714745,710.8592395794151,650.8592395794151
0.05371935536474183,5.290066824921716,23.24196267344941,351.9929594836309,291.9929594836309
0.08873569064745339,5.170033131365287,20.717944306491454,503.57394223127886,443.57394223127886
0.0775294076504631,3.4840281187209796,22.85611215081266,548.1957629865179,488.19576298651793
0.07011376184764857,5.003409440122278,29.72258268155606,632.6012923880392,572.6012923880392
0.08106236030478585,5.657318606654794,20.989399171058793,453.64194321080834,393.64194321080834
0.1467313073722049,5.984421320452894,16.542618108445108,565.464576641216,505.464576641216
0.07531477034780201,4.212118797821082,26.937078324353077,624.7066643849063,564.7066643849063
0.10453395105239847,4.828638549458368,11.84311796752229,267.6367055732719,207.6367055732719
0.06930306747792371,3.1590296753488216,25.569699528127025,566.8917802368838,506.89178023688385
0.0807074663297807,3.5676922130415214,27.754501280921623,712.5004686418303,652.5004686418303
0.08191029053511614,3.682174009785289,16.272092312276634,376.40401107921144,316.40401107921144
0.07910518038262664,3.3056699814002584,25.777283873654657,648.8316907089659,588.8316907089659
0.10983261863207583,3.3961661380496118,19.839581425928536,659.1985265176947,599.1985265176947
0.103799413357205,5.304221172941029,16.115256878657906,409.5953948735811,349.5953948735811
0.10121298988764296,6.806850804444002,15.394621305444826,317.2557840394461,257.2557840394461
0.11517428587400444,6.853413682060763,16.62781019136176,410.90208529995806,350.90208529995806
0.09409941291877942,6.874058493970455,16.34889056838181,325.4252895327373,265.4252895327373
0.11314717837317075,4.337117571661263,12.324268459523871,329.85910896388316,269.85910896388316
0.06838693962648276,4.247565196733155,14.641429222800346,259.44366134733275,199.44366134733275
0.09753748744794977,3.0639728498165533,15.173689774759819,431.1202473361807,371.1202473361807
0.13128442294906084,6.025578128477401,23.961578385757598,859.4718669838016,799.4718669838016
0.1359210639881021,3.352102797330228,28.721677945145245,1258.6147711612523,1198.6147711612523
0.05924366528542128,6.906562351042471,10.82596890163024,84.75300357718592,24.753003577185922
0.13302972421228815,4.694545672935467,22.85132466202509,881.6178250482521,821.6178250482521
0.13428610837920382,3.695416137312544,26.68133359410184,1126.6416320212118,1066.6416320212118
0.13396889668915796,6.33854635359183,22.860002172266988,807.8768408202017,747.8768408202017
0.06513653495982515,5.639958314936221,24.649033766824875,451.93763731995324,391.93763731995324
0.10676919212252083,6.726042128922902,14.813176106189852,315.161717888874,255.16171788887402
0.08017697760454301,5.940521558575002,16.133738983208055,298.30039828816024,238.30039828816024
0.06084403353538229,6.275039977289644,11.882559358648779,124.53219551074828,64.53219551074828
0.11534377856965905,4.574802708613268,12.932762632658273,351.87411775219294,291.87411775219294
0.13879867707867044,4.324988498067874,16.254417316777438,604.3629624944846,544.3629624944846
0.05308335743012036,4.032100891316492,21.89030119675968,346.0102289034717,286.0102289034717
0.0921641493608719,3.9924632607669217,10.896820397130258,232.2619838601562,172.2619838601562
0.1430719000912254,4.229288952319296,23.161976938342143,988.6885100580305,928.6885100580305
0.08264541671445155,3.848021123425704,23.953138929491995,606.4824812990535,546.4824812990535
0.0999530896666212,4.026988223814422,14.678983105442619,388.61542682909715,328.61542682909715
0.07326550684242818,4.247848018267171,29.61543620920497,678.3777602553546,618.3777602553546
0.1233511122970669,3.9074468571759207,12.111019105294297,369.3507129893843,309.3507129893843
0.10655259724242458,4.902580857879995,11.207996754281808,245.22833076617866,185.22833076617866
0.11646814958824112,4.602999235960741,22.763208989502186,772.0063995371946,712.0063995371946
0.13646529274891206,3.2511695679915507,20.55978376953758,862.1391629935639,802.1391629935639
0.0925257237603809,6.861695987791778,25.721665997538565,636.9368169665784,576.9368169665784
0.11014465691205932,4.625396425738787,12.634996440067932,322.0083456371048,262.0083456371048
0.10669026864513047,6.454663001854582,19.51906886586308,508.7534145318308,448.7534145318308
0.0901649596658943,3.349524523915251,26.124430630687254,749.5269490367441,689.5269490367441
0.08965389727462522,4.11862641977244,26.634534911174452,736.8032156305516,676.8032156305516
0.10227056701863863,6.871557736617805,23.03703772354369,603.4372736028482,543.4372736028482
0.08219634978472222,4.835474317801106,27.846158017260674,690.3588852434304,630.3588852434304
0.0668698854553545,4.702480411355028,23.333087982030946,454.72670688838707,394.72670688838707
0.13291143300495023,6.192835704996252,26.79850256206564,999.635979148431,939.635979148431
0.13545272708153916,4.540987354517585,14.90014191457458,512.1591434278918,452.15914342789176
0.1388214072584641,6.364354499929448,19.979536477383213,689.8787335994265,629.8787335994265
0.14560414572446634,5.6991342324976415,20.411203087394217,781.8804493717113,721.8804493717113
0.05981847192048101,5.432660710227706,24.85075462723356,423.9696575891424,363.9696575891424
0.08533835611200791,3.1336647233666124,24.139606201353086,654.3035677254887,594.3035677254887
0.06730476571207171,6.051295312329403,14.638144311000282,210.94658892207556,150.94658892207556
0.059622817436627396,6.102486307128027,28.985852303904508,497.99532490388594,437.99532490388594
0.09841220860331315,3.839464227149809,25.659133974733372,783.7724901619271,723.7724901619271
0.1231413299141174,6.609005487371562,21.499381509467675,669.2715577930032,609.2715577930032
0.07218922833594935,3.1267280473418575,14.887295561839533,309.87999718751365,249.87999718751365
0.07387103931567737,3.319577537561206,11.29231300762402,214.96830320731456,154.96830320731456
0.07686415382457065,6.7085005013913115,23.277020696995137,464.8367290105452,404.8367290105452
0.105168690489971,5.5449806705682345,20.256198766401262,564.7132330676603,504.7132330676603
0.13198998027734177,3.5554090656969604,17.0821716797968,651.6699526877325,591.6699526877325
0.11125602561478463,5.0125166516790625,20.72021836228037,637.8654093103802,577.8654093103802
0.12650607070361505,3.052602441028369,18.659791385121974,720.6575140368574,660.6575140368574
0.11139503024539424,5.264771208869415,26.84240914858455,877.3291952853377,817.3291952853377
0.0729061295351593,3.618954744722584,15.473785328243473,315.46578216093286,255.46578216093286
0.10766944805466785,3.0517672533908042,29.25757328733421,1029.8711050983654,969.8711050983654
0.0902414690541957,3.8675074367920943,17.591505582033115,452.0429201821164,392.0429201821164
0.12985805188161795,6.781927875739128,11.573376838699074,227.1060032273647,167.1060032273647
0.060008755504729665,3.0664585219672515,24.189045470721755,462.652156879849,402.652156879849
0.11541201267978936,3.159619993830642,29.554944081794897,1111.913179589457,1051.913179589457
0.08985086137930853,3.6288273161892324,18.183367741471425,477.32436787992395,417.32436787992395
0.08890005394481595,5.754999966777689,28.42158268377956,735.4970555944262,675.4970555944262
0.14185238420634985,4.3888431783934285,13.91051339852929,492.9951421587982,432.9951421587982
0.14642322786826578,6.610103863721635,18.47757689103069,634.2509031638326,574.2509031638326
0.14489245317328053,4.1966634415386785,12.508805383123502,439.5938225198702,379.5938225198702
0.10244002194222024,3.0379467739104387,13.637243776000238,396.31415937515874,336.31415937515874
0.1462848935032372,4.949252588953047,26.851575116817518,1169.4523052387055,1109.4523052387055
0.128162564288396,4.767385807794852,27.512393926845526,1063.9963763337412,1003.9963763337412
0.11594547191324261,6.455644827629397,28.40710341655234,928.9878622259856,868.9878622259856
0.12891993068686836,3.2510870634513247,13.25893946535655,470.9272478619812,410.9272478619812
0.08460077849685096,3.6001500832835043,21.04395953314229,538.6523486842042,478.6523486842042
0.09433631455465447,4.029068871675975,27.519538345466223,808.8415758203347,748.8415758203347
0.10294591881692187,5.094657291019295,10.977592967902808,221.0528397881326,161.0528397881326
0.05306785482966147,3.5123596695710018,26.35303358223418,442.4185321042285,382.4185321042285
0.12777112814935226,4.80723423929232,29.0813364711375,1132.0582408460825,1072.0582408460825
0.1121175904660904,5.251953110226635,19.18737533795376,570.2781762396324,510.27817623963244
0.14862810979616914,6.142083920432583,15.096716861555366,485.7822113045204,425.7822113045204
0.11063054214416827,6.427864489975735,13.556358594461123,287.84964611951494,227.84964611951494
0.14249113507212838,4.190396192525446,23.185321373039578,987.9120840972882,927.9120840972882
0.12812310695470344,3.1732870003026066,27.75076117546443,1149.3639586335626,1089.3639586335626
0.10352263525393321,3.9554165802719456,27.666591494873806,895.944808926187,835.944808926187
0.14115005274221415,3.5280050546687995,19.02763440170138,798.5373274337229,738.5373274337229
0.13720886782097585,5.842955549468051,24.28250113911821,923.4752483235459,863.4752483235459
0.12376066202822629,6.166703435120882,27.680858032284107,971.8511958117231,911.8511958117231
0.1489499812392126,6.1863765824728425,27.377472481625617,1152.0908678652638,1092.0908678652638
0.06466234756041836,5.690239174341679,15.703310063027388,236.32606453222542,176.32606453222542
0.08186185372465427,3.8811308478268014,24.327953804291703,610.9424129485518,550.9424129485518
0.08352697480986307,3.751012108566908,22.529231403290424,572.4980652516264,512.4980652516264
0.11482849279967612,3.4837218590064793,13.867073930728974,435.19120404056537,375.19120404056537
0.08608725198564181,3.925801777800826,17.18508389281122,416.63113361301896,356.63113361301896
0.06489684561651307,6.725679767608389,27.93269110347625,502.3378713377826,442.3378713377826
0.050491843294425943,4.503839150762763,21.71087554749024,317.11746963634226,257.11746963634226
0.09267280437783464,3.9666930947912236,28.887859437693997,842.9727462776065,782.9727462776065
0.11304367753962398,3.8996836022672094,24.61375811350788,854.6822332468586,794.6822332468586
0.1413436178179504,4.579769558097448,28.483472041697514,1233.202062720725,1173.202062720725
0.11745595874093402,3.7992408555966857,24.887646281733716,904.0899903402207,844.0899903402207
0.11259334548855084,3.4404140333851,22.93434545730893,801.1337388465504,741.1337388465504
0.10940830389594292,5.872378613163436,17.984538797863905,483.6873793482779,423.6873793482779
0.11904649371228672,6.78672955672865,13.98560282980618,312.8052269712251,252.80522697122512
0.06955954998738398,3.5799002005635843,19.56174503096456,405.7668260453751,345.7668260453751
0.09070281593213952,5.973585729444958,20.862162888993787,492.9090938618151,432.9090938618151
0.0522308985420982,3.3016158198655976,18.97021024265766,298.7104394418604,238.7104394418604
0.12799572204912685,3.2669300833308452,23.791441342138455,958.8731179709274,898.8731179709274
0.05904538119830737,6.209297519394232,14.375732354106976,175.99944411406383,115.99944411406383
0.05333722680115291,4.114177602244938,15.828739315051193,228.06011575749807,168.06011575749807
0.05094607402629047,6.164593004543823,16.75942441909055,197.01424892267136,137.01424892267136
0.09752132938403867,3.747780060768528,28.3339386055855,875.1513259941119,815.1513259941119
0.10967414747029024,3.2418630838501223,15.579975970357216,493.9077844602516,433.9077844602516
0.1364894867998513,6.323726371439472,14.708501783143447,417.7182978995529,357.7182978995529
0.14085591967294414,3.267277148561728,21.921260323985116,959.0462438443291,899.0462438443291
0.05862670825977894,3.2407267310241346,24.73366210939081,459.9219190069314,399.9219190069314
0.05094640145700428,3.400739890797476,12.652008961103625,172.0313868355431,112.03138683554309
0.09464984566444459,4.165813520556245,20.62064360188694,568.4682015859029,508.4682015859029
0.13239773901822532,6.228097024630129,14.754749829802288,412.0519867713438,352.0519867713438
0.05696408364983298,5.493916669486701,28.96831670285072,488.07715580251937,428.07715580251937
0.13768149714234335,5.994159625912857,16.150382987011128,510.388273748839,450.388273748839
0.10783652082099807,5.331005849383356,21.582759613051092,639.6743928364236,579.6743928364236
0.05208147289974435,5.001106095468414,25.080059666051067,381.69563882815686,321.69563882815686
0.0709639827706783,6.754208395706604,23.479208983086302,433.208518535675,373.208518535675
0.12206358422881404,6.867527374763942,27.107263732928853,901.7451887592063,841.7451887592063
0.11320673570721936,4.191690758350963,10.97993235274372,280.4932553140086,220.4932553140086
0.09231349863556887,6.799971680679922,18.253219882632123,385.9106354762674,325.9106354762674
0.12453484295211305,3.717288452212031,23.038417154571874,878.2461109411706,818.2461109411706
0.12107451230283253,6.886640268946584,18.727489593459545,523.2731458841067,463.2731458841067
0.08119951499256746,4.265315304613402,14.953903983904915,316.78649910043407,256.78649910043407
0.11557154722020004,5.265657521498558,19.574578574746386,603.6020129890743,543.6020129890743
0.09895421888532616,3.813949642388798,12.72003058711686,321.6724133734943,261.6724133734943
0.14165584166121453,6.214687967586599,18.639963002102466,642.4411694035439,582.4411694035439
0.13782400107916049,5.779647065554367,29.750295531528323,1205.8616982155384,1145.8616982155384
0.12481414430520506,5.800239892315934,28.103549371720028,1016.0754980637864,956.0754980637864
0.10845584275033635,6.023292647080304,11.280326877926958,208.10696842395166,148.10696842395166
0.14271571714829842,6.493126885652654,29.87758230951554,1218.125203967738,1158.125203967738
0.10064951761701596,5.928860196488706,22.79916781385598,619.7657381646203,559.7657381646203
0.12031032736438443,3.027408038882867,19.8036234767629,736.6984695123771,676.6984695123771
0.08971627651278247,5.94476459745972,11.40584029998272,178.83079289144882,118.83079289144882
0.12261115842694793,5.239043942465069,17.060229654369977,529.0343850526122,469.03438505261215
0.07745594511453562,3.9883647029873583,10.117890800509773,173.2904065005506,113.2904065005506
0.05552356356243309,6.583244578939129,14.967589327401827,169.91797497827656,109.91797497827656
0.10743856005641544,6.686349426101849,13.098468970400388,251.45174512339736,191.45174512339736
0.14416020810719263,4.292507996897384,10.846677343607826,344.87040220191943,284.87040220191943
0.11134611937610403,5.688527633780972,24.433064469536067,761.8029741997747,701.8029741997747
0.0889678124110264,4.7946948516393135,17.321629903450912,406.79031283776027,346.79031283776027
0.1167027076577421,6.244922550963182,16.517749004658764,437.58633179218964,377.58633179218964
0.07571740297886571,3.4696574053608487,21.1963076949637,489.9088120567993,429.9088120567993
0.05087812715396583,6.729178880842371,23.414656695271308,309.8579395815248,249.85793958152482
0.05497590332674538,5.029470019030114,15.781031486729978,215.74303340883736,155.74303340883736
0.06889596847157962,5.999089425411194,14.55362452378801,215.1211378557785,155.1211378557785
0.10375337502663368,3.4269000605089084,15.775828344283553,467.6536904022682,407.6536904022682
0.13064732004650703,5.203433620973113,28.81006640199473,1125.712307479311,1065.712307479311
0.06994808679448654,3.2801940216548857,12.81254891591182,243.37104543725638,183.37104543725638
0.0871133168002209,5.956726060657928,22.311365996494697,520.0180294076939,460.0180294076939
0.08320292605725474,6.738915984762586,18.11058730835601,345.347059823787,285.347059823787
0.1088856009176759,5.262949072080364,13.065030180971462,310.08001583176986,250.08001583176986
0.0648863283274086,4.435180400562869,13.27585895436216,209.37829751679874,149.37829751679874
0.1336886545611151,5.139503657773831,15.296489639573057,495.62393346053847,435.62393346053847
0.060069646284130335,4.279991436368777,13.566057012984555,203.6008962138702,143.6008962138702
0.10605215355692665,5.175554042471644,15.044753274805435,382.0271888520486,322.0271888520486
0.07173912095401537,5.537479156916959,27.073287986688303,563.9103979857543,503.91039798575434
0.1438169862741312,4.78638409771346,23.363038006413998,975.1480087755077,915.1480087755077
0.07819040939366345,5.883306633501766,23.801374770323818,511.37269535401055,451.37269535401055
0.056487730532266016,4.805247880432701,14.19003795571907,193.49580489925123,133.49580489925123
0.1470121217966674,6.992601932609762,27.572634860362925,1104.31272218431,1044.31272218431
0.12368128566197041,3.719807529124779,28.7768647244469,1131.1675028203827,1071.1675028203827
0.07285740902260786,5.888425722299309,12.795902776920606,183.69022159523018,123.69022159523018
0.06908860786449428,3.0568601053697813,20.083982456523326,429.3787654005588,369.3787654005588
0.1308940598892519,4.642723240110737,18.92146292871662,682.185805899347,622.185805899347
0.09791859804067596,5.4152370655898014,23.27114076361074,638.175145753729,578.175145753729
0.13692359454578312,5.188764706465707,16.697467257887205,575.1717164930827,515.1717164930827
0.05087193679569166,6.558106977826719,10.457224724554157,72.39982012322444,12.399820123224444
0.13062019971825445,4.786011472866592,23.57513962897142,895.7974803830363,835.7974803830363
0.11852358838016003,3.2133365782288155,20.226936393175585,736.0272089860039,676.0272089860039
0.10753043743745998,3.473965284028089,28.584685675181166,985.5608630311093,925.5608630311093
0.08761498014951985,6.83531991367277,18.149792816949912,361.8308213703611,301.8308213703611
0.14953878314745234,4.173813699342816,27.635952063692564,1280.602361680337,1220.602361680337
0.07221762638836145,4.908367911317583,25.77487142461838,550.0292144855708,490.02921448557083
0.08964923621127188,4.699797851800483,26.74298606203694,721.2965701487893,661.2965701487893
0.06255451175202614,6.879050043525329,14.892518846775175,182.96669937599637,122.96669937599637
0.12498277438481706,3.5990365622235023,25.472705595828998,997.8486222552752,937.8486222552752
0.07477289514622014,6.599917329648802,24.17721923992356,479.72159973200667,419.72159973200667
0.12063991794378832,6.838057894305651,10.095740196332038,143.44738184523908,83.44738184523908
0.06619926138836739,4.586297538971197,11.04903674484616,156.15742512071682,96.15742512071682
0.07270438406535809,3.2074818289985783,13.159024773404287,264.08509209963665,204.08509209963665
0.14270606413557885,4.274419242043045,15.935264503812443,607.3867661074104,547.3867661074104
0.14317688636746959,4.742442699739923,28.77752714681284,1256.0630224695497,1196.0630224695497
0.06438877248692987,5.335842793584952,24.03705210143588,439.51398764408907,379.51398764408907
0.10644424964313497,6.464127498504771,24.448153852952586,698.7181096644699,638.7181096644699
0.07806209884583384,5.08046714000564,21.870318682624543,478.3876335152794,418.3876335152794
0.10861546946667885,6.67834929304154,21.176524947077482,574.775046601823,514.775046601823
0.14971709168837416,5.652911593435983,19.392886663613986,750.8448241929025,690.8448241929025
0.10169887387197082,4.779438791727383,25.49962500886301,769.1351557155818,709.1351557155818
0.07575619469808055,4.806205230066512,13.324436492317934,235.53770688503425,175.53770688503425
0.07996051900535087,5.533747861182232,12.60421980319218,206.35589122499857,146.35589122499857
0.051156978940874266,3.251947421957791,10.336635401837395,132.28740033311857,72.28740033311857
0.07663248418237703,5.002045693182849,15.993000420608116,307.4264199690032,247.42641996900318
0.14349018550849024,3.5455380361601136,23.121011247941194,1025.244223139856,965.2442231398561
0.05093326131314503,3.5847966629282246,28.22769359212417,458.1272347147873,398.1272347147873
0.05139295210785283,3.0438497759741354,25.583286678140077,422.80439345660955,362.80439345660955
0.05007460294210641,3.873479357798438,29.090788650509126,460.9025637867839,400.9025637867839
0.10151787348667604,4.090096679058633,18.29975662467593,526.5250781364706,466.5250781364706
0.07311270604859793,6.204284412964773,14.941168619779106,233.1536950796107,173.1536950796107
0.10888558254152894,3.477232857762687,24.37209595444166,830.4295092486958,770.4295092486958
0.050329113078754845,5.3241718860748914,23.50953367099599,334.0673923227468,274.0673923227468
0.10090345906206093,6.569940126682679,16.17336679496804,353.6919239327752,293.6919239327752
0.10145185506215686,5.846737726333346,13.185198795109043,271.7426783859801,211.74267838598013
0.1399892756435404,6.577730011903641,22.68162878632993,822.8461904311246,762.8461904311246
0.10068160980357257,6.439628821710015,19.869021680609507,493.51390547728994,433.51390547728994
0.12828070019103066,5.718920654417865,28.354583830502428,1059.8573333535066,999.8573333535066
0.10282612889836233,3.6415660494568325,17.668911832014345,526.4678479217927,466.46784792179267
0.05968837662856258,5.875595549799332,22.54981438740262,363.26882469756737,303.26882469756737
0.07138482830659588,3.0551767236376755,18.27623131256871,396.59161449380036,336.59161449380036
0.11158282467585304,4.548410050553918,11.050574441227816,264.8184022646212,204.81840226462123
0.08545731826064054,4.373819428313892,17.85706397654117,420.56830099852533,360.56830099852533
0.09288639558787952,4.920106902260918,28.85171014009146,811.3659333714767,751.3659333714767
0.12087623226438353,4.110064710177117,12.591225124459376,374.18731137952136,314.18731137952136
0.10450620300331076,5.96113357948377,28.286599038842507,851.5996132852886,791.5996132852886
